<Objs Version="1.1.0.1" xmlns="http://schemas.microsoft.com/powershell/2004/04">
  <Obj RefId="0">
    <TN RefId="0">
      <T>Microsoft.PowerShell.Commands.PSRepositoryItemInfo</T>
      <T>System.Management.Automation.PSCustomObject</T>
      <T>System.Object</T>
    </TN>
    <MS>
      <S N="Name">GW2.PS.API</S>
      <Version N="Version">0.2.1.2334</Version>
      <S N="Type">Module</S>
      <S N="Description">This is a module to utilize the APIv2 published for the MMORPG Guild Wars 2 from ArenaNet for the community. This is a fan produced project and is in NO WAY endorsed, supported, and/or condoned by ArenaNet, Guild Wars 2, or its affiliates. It will adhere to all the requirements as published by ArenaNet to ensure no violations or rules by the users who use it as intended.</S>
      <S N="Author">SmallFoxx</S>
      <S N="CompanyName">SMFX</S>
      <S N="Copyright">(c) 2022 SmallFoxx</S>
      <DT N="PublishedDate">2022-11-30T18:27:09-06:00</DT>
      <Obj N="InstalledDate" RefId="1">
        <DT>2023-01-07T15:19:17.5363539-06:00</DT>
        <MS>
          <Obj N="DisplayHint" RefId="2">
            <TN RefId="1">
              <T>Microsoft.PowerShell.Commands.DisplayHintType</T>
              <T>System.Enum</T>
              <T>System.ValueType</T>
              <T>System.Object</T>
            </TN>
            <ToString>DateTime</ToString>
            <I32>2</I32>
          </Obj>
        </MS>
      </Obj>
      <Nil N="UpdatedDate" />
      <URI N="LicenseUri">https://github.com/smallfoxx/GW2.PS.API/LICENSE</URI>
      <URI N="ProjectUri">https://github.com/smallfoxx/GW2.PS.API</URI>
      <Nil N="IconUri" />
      <Obj N="Tags" RefId="3">
        <TN RefId="2">
          <T>System.Object[]</T>
          <T>System.Array</T>
          <T>System.Object</T>
        </TN>
        <LST>
          <S>GuildWars2</S>
          <S>GW2</S>
          <S>SMFX</S>
          <S>SmFoxx</S>
          <S>Gaming</S>
          <S>API</S>
          <S>PSModule</S>
        </LST>
      </Obj>
      <Obj N="Includes" RefId="4">
        <TN RefId="3">
          <T>System.Collections.Hashtable</T>
          <T>System.Object</T>
        </TN>
        <DCT>
          <En>
            <S N="Key">Cmdlet</S>
            <Obj N="Value" RefId="5">
              <TNRef RefId="2" />
              <LST />
            </Obj>
          </En>
          <En>
            <S N="Key">Function</S>
            <Obj N="Value" RefId="6">
              <TNRef RefId="2" />
              <LST>
                <S>Get-GW2APIEndpointCacheable</S>
                <S>Get-GW2APIEndpoint</S>
                <S>Copy-GW2IGNToClipboard</S>
                <S>Get-GW2Account</S>
                <S>Get-GW2AccountAchievement</S>
                <S>Get-GW2AccountBank</S>
                <S>Get-GW2AccountBuildstorage</S>
                <S>Get-GW2AccountDailycrafting</S>
                <S>Get-GW2AccountDungeon</S>
                <S>Get-GW2AccountDye</S>
                <S>Get-GW2AccountEmote</S>
                <S>Get-GW2AccountFinisher</S>
                <S>Get-GW2AccountGlider</S>
                <S>Get-GW2AccountHomeCat</S>
                <S>Get-GW2AccountHomeNode</S>
                <S>Get-GW2AccountInventory</S>
                <S>Get-GW2AccountLegendaryarmory</S>
                <S>Get-GW2AccountLuck</S>
                <S>Get-GW2AccountMailCarrier</S>
                <S>Get-GW2AccountMapchest</S>
                <S>Get-GW2AccountMastery</S>
                <S>Get-GW2AccountMasteryPoint</S>
                <S>Get-GW2AccountMaterial</S>
                <S>Get-GW2AccountMini</S>
                <S>Get-GW2AccountMountSkin</S>
                <S>Get-GW2AccountMountType</S>
                <S>Get-GW2AccountNovelty</S>
                <S>Get-GW2AccountOutfit</S>
                <S>Get-GW2AccountProgression</S>
                <S>Get-GW2AccountPvpHero</S>
                <S>Get-GW2AccountRaid</S>
                <S>Get-GW2AccountRecipe</S>
                <S>Get-GW2AccountSkin</S>
                <S>Get-GW2AccountTitle</S>
                <S>Get-GW2AccountWallet</S>
                <S>Get-GW2AccountWorldboss</S>
                <S>Get-GW2Achievement</S>
                <S>Get-GW2AchievementCategory</S>
                <S>Get-GW2AchievementDaily</S>
                <S>Get-GW2AchievementGroup</S>
                <S>Get-GW2Adventure</S>
                <S>Get-GW2AdventureLeaderboard</S>
                <S>Get-GW2APIKey</S>
                <S>Get-GW2APIValue</S>
                <S>Get-GW2BackstoryAnswer</S>
                <S>Get-GW2BackstoryQuestion</S>
                <S>Get-GW2Bank</S>
                <S>Get-GW2Base</S>
                <S>Get-GW2Build</S>
                <S>Get-GW2BuildStorage</S>
                <S>Get-GW2Character</S>
                <S>Get-GW2CharacterBackstory</S>
                <S>Get-GW2CharacterBuildtab</S>
                <S>Get-GW2CharacterBuildtabActive</S>
                <S>Get-GW2CharacterCore</S>
                <S>Get-GW2CharacterCrafting</S>
                <S>Get-GW2CharacterEquipment</S>
                <S>Get-GW2CharacterEquipmenttab</S>
                <S>Get-GW2CharacterEquipmenttabActive</S>
                <S>Get-GW2CharacterHeropoint</S>
                <S>Get-GW2CharacterInventory</S>
                <S>Get-GW2CharacterQuest</S>
                <S>Get-GW2CharacterRecipe</S>
                <S>Get-GW2CharacterSab</S>
                <S>Get-GW2CharacterSkill</S>
                <S>Get-GW2CharacterSpecialization</S>
                <S>Get-GW2CharacterTraining</S>
                <S>Get-GW2Color</S>
                <S>Get-GW2CommerceDelivery</S>
                <S>Get-GW2CommerceExchange</S>
                <S>Get-GW2CommerceExchangeCoin</S>
                <S>Get-GW2CommerceExchangeGem</S>
                <S>Get-GW2CommerceListing</S>
                <S>Get-GW2CommercePrice</S>
                <S>Get-GW2CommerceTransaction</S>
                <S>Get-GW2ConfigValue</S>
                <S>Get-GW2Continent</S>
                <S>Get-GW2Currency</S>
                <S>Get-GW2Dailycrafting</S>
                <S>Get-GW2DefaultProfile</S>
                <S>Get-GW2DefaultUseCache</S>
                <S>Get-GW2DefaultUseDB</S>
                <S>Get-GW2Dungeon</S>
                <S>Get-GW2Dye</S>
                <S>Get-GW2Emote</S>
                <S>Get-GW2EventState</S>
                <S>Get-GW2File</S>
                <S>Get-GW2Finisher</S>
                <S>Get-GW2Glider</S>
                <S>Get-GW2Guild</S>
                <S>Get-GW2GuildEmblem</S>
                <S>Get-GW2GuildLog</S>
                <S>Get-GW2GuildMember</S>
                <S>Get-GW2GuildPermission</S>
                <S>Get-GW2GuildRank</S>
                <S>Get-GW2GuildSearch</S>
                <S>Get-GW2GuildStash</S>
                <S>Get-GW2GuildStorage</S>
                <S>Get-GW2GuildTeam</S>
                <S>Get-GW2GuildTreasury</S>
                <S>Get-GW2GuildUpgrade</S>
                <S>Get-GW2HomeCat</S>
                <S>Get-GW2HomeNode</S>
                <S>Get-GW2IGN</S>
                <S>Get-GW2Inventory</S>
                <S>Get-GW2Item</S>
                <S>Get-GW2ItemStat</S>
                <S>Get-GW2Legend</S>
                <S>Get-GW2LegendaryArmory</S>
                <S>Get-GW2Luck</S>
                <S>Get-GW2MailCarrier</S>
                <S>Get-GW2Map</S>
                <S>Get-GW2Mapchest</S>
                <S>Get-GW2Mastery</S>
                <S>Get-GW2MasteryPoint</S>
                <S>Get-GW2Material</S>
                <S>Get-GW2Mini</S>
                <S>Get-GW2Mount</S>
                <S>Get-GW2MountSkin</S>
                <S>Get-GW2MountType</S>
                <S>Get-GW2Novelty</S>
                <S>Get-GW2Outfit</S>
                <S>Get-GW2Pet</S>
                <S>Get-GW2Profession</S>
                <S>Get-GW2Progression</S>
                <S>Get-GW2PvpAmulet</S>
                <S>Get-GW2PvpGame</S>
                <S>Get-GW2PvpHero</S>
                <S>Get-GW2PvpRank</S>
                <S>Get-GW2PvpSeason</S>
                <S>Get-GW2PvpSeasonLeaderboard</S>
                <S>Get-GW2PvpStanding</S>
                <S>Get-GW2PvpStat</S>
                <S>Get-GW2Quaggan</S>
                <S>Get-GW2Quest</S>
                <S>Get-GW2Race</S>
                <S>Get-GW2Raid</S>
                <S>Get-GW2Recipe</S>
                <S>Get-GW2RecipeSearch</S>
                <S>Get-GW2Skill</S>
                <S>Get-GW2Skin</S>
                <S>Get-GW2Specialization</S>
                <S>Get-GW2Story</S>
                <S>Get-GW2StorySeason</S>
                <S>Get-GW2Title</S>
                <S>Get-GW2Tokeninfo</S>
                <S>Get-GW2Trait</S>
                <S>Get-GW2Wallet</S>
                <S>Get-GW2World</S>
                <S>Get-GW2Worldboss</S>
                <S>Get-GW2WvwAbility</S>
                <S>Get-GW2WvwMatch</S>
                <S>Get-GW2WvwObjective</S>
                <S>Get-GW2WvwRank</S>
                <S>Get-GW2WvwUpgrade</S>
                <S>Group-GW2ObjectByCount</S>
                <S>New-GW2Subtoken</S>
                <S>Save-GW2Config</S>
                <S>Set-GW2APIKey</S>
                <S>Set-GW2ConfigValue</S>
                <S>Set-GW2DefaultProfile</S>
                <S>Split-GW2OversizedParam</S>
                <S>CommonGW2APIParameters</S>
              </LST>
            </Obj>
          </En>
          <En>
            <S N="Key">DscResource</S>
            <Ref N="Value" RefId="5" />
          </En>
          <En>
            <S N="Key">RoleCapability</S>
            <Ref N="Value" RefId="5" />
          </En>
          <En>
            <S N="Key">Command</S>
            <Obj N="Value" RefId="7">
              <TNRef RefId="2" />
              <LST>
                <S>Get-GW2APIEndpointCacheable</S>
                <S>Get-GW2APIEndpoint</S>
                <S>Copy-GW2IGNToClipboard</S>
                <S>Get-GW2Account</S>
                <S>Get-GW2AccountAchievement</S>
                <S>Get-GW2AccountBank</S>
                <S>Get-GW2AccountBuildstorage</S>
                <S>Get-GW2AccountDailycrafting</S>
                <S>Get-GW2AccountDungeon</S>
                <S>Get-GW2AccountDye</S>
                <S>Get-GW2AccountEmote</S>
                <S>Get-GW2AccountFinisher</S>
                <S>Get-GW2AccountGlider</S>
                <S>Get-GW2AccountHomeCat</S>
                <S>Get-GW2AccountHomeNode</S>
                <S>Get-GW2AccountInventory</S>
                <S>Get-GW2AccountLegendaryarmory</S>
                <S>Get-GW2AccountLuck</S>
                <S>Get-GW2AccountMailCarrier</S>
                <S>Get-GW2AccountMapchest</S>
                <S>Get-GW2AccountMastery</S>
                <S>Get-GW2AccountMasteryPoint</S>
                <S>Get-GW2AccountMaterial</S>
                <S>Get-GW2AccountMini</S>
                <S>Get-GW2AccountMountSkin</S>
                <S>Get-GW2AccountMountType</S>
                <S>Get-GW2AccountNovelty</S>
                <S>Get-GW2AccountOutfit</S>
                <S>Get-GW2AccountProgression</S>
                <S>Get-GW2AccountPvpHero</S>
                <S>Get-GW2AccountRaid</S>
                <S>Get-GW2AccountRecipe</S>
                <S>Get-GW2AccountSkin</S>
                <S>Get-GW2AccountTitle</S>
                <S>Get-GW2AccountWallet</S>
                <S>Get-GW2AccountWorldboss</S>
                <S>Get-GW2Achievement</S>
                <S>Get-GW2AchievementCategory</S>
                <S>Get-GW2AchievementDaily</S>
                <S>Get-GW2AchievementGroup</S>
                <S>Get-GW2Adventure</S>
                <S>Get-GW2AdventureLeaderboard</S>
                <S>Get-GW2APIKey</S>
                <S>Get-GW2APIValue</S>
                <S>Get-GW2BackstoryAnswer</S>
                <S>Get-GW2BackstoryQuestion</S>
                <S>Get-GW2Bank</S>
                <S>Get-GW2Base</S>
                <S>Get-GW2Build</S>
                <S>Get-GW2BuildStorage</S>
                <S>Get-GW2Character</S>
                <S>Get-GW2CharacterBackstory</S>
                <S>Get-GW2CharacterBuildtab</S>
                <S>Get-GW2CharacterBuildtabActive</S>
                <S>Get-GW2CharacterCore</S>
                <S>Get-GW2CharacterCrafting</S>
                <S>Get-GW2CharacterEquipment</S>
                <S>Get-GW2CharacterEquipmenttab</S>
                <S>Get-GW2CharacterEquipmenttabActive</S>
                <S>Get-GW2CharacterHeropoint</S>
                <S>Get-GW2CharacterInventory</S>
                <S>Get-GW2CharacterQuest</S>
                <S>Get-GW2CharacterRecipe</S>
                <S>Get-GW2CharacterSab</S>
                <S>Get-GW2CharacterSkill</S>
                <S>Get-GW2CharacterSpecialization</S>
                <S>Get-GW2CharacterTraining</S>
                <S>Get-GW2Color</S>
                <S>Get-GW2CommerceDelivery</S>
                <S>Get-GW2CommerceExchange</S>
                <S>Get-GW2CommerceExchangeCoin</S>
                <S>Get-GW2CommerceExchangeGem</S>
                <S>Get-GW2CommerceListing</S>
                <S>Get-GW2CommercePrice</S>
                <S>Get-GW2CommerceTransaction</S>
                <S>Get-GW2ConfigValue</S>
                <S>Get-GW2Continent</S>
                <S>Get-GW2Currency</S>
                <S>Get-GW2Dailycrafting</S>
                <S>Get-GW2DefaultProfile</S>
                <S>Get-GW2DefaultUseCache</S>
                <S>Get-GW2DefaultUseDB</S>
                <S>Get-GW2Dungeon</S>
                <S>Get-GW2Dye</S>
                <S>Get-GW2Emote</S>
                <S>Get-GW2EventState</S>
                <S>Get-GW2File</S>
                <S>Get-GW2Finisher</S>
                <S>Get-GW2Glider</S>
                <S>Get-GW2Guild</S>
                <S>Get-GW2GuildEmblem</S>
                <S>Get-GW2GuildLog</S>
                <S>Get-GW2GuildMember</S>
                <S>Get-GW2GuildPermission</S>
                <S>Get-GW2GuildRank</S>
                <S>Get-GW2GuildSearch</S>
                <S>Get-GW2GuildStash</S>
                <S>Get-GW2GuildStorage</S>
                <S>Get-GW2GuildTeam</S>
                <S>Get-GW2GuildTreasury</S>
                <S>Get-GW2GuildUpgrade</S>
                <S>Get-GW2HomeCat</S>
                <S>Get-GW2HomeNode</S>
                <S>Get-GW2IGN</S>
                <S>Get-GW2Inventory</S>
                <S>Get-GW2Item</S>
                <S>Get-GW2ItemStat</S>
                <S>Get-GW2Legend</S>
                <S>Get-GW2LegendaryArmory</S>
                <S>Get-GW2Luck</S>
                <S>Get-GW2MailCarrier</S>
                <S>Get-GW2Map</S>
                <S>Get-GW2Mapchest</S>
                <S>Get-GW2Mastery</S>
                <S>Get-GW2MasteryPoint</S>
                <S>Get-GW2Material</S>
                <S>Get-GW2Mini</S>
                <S>Get-GW2Mount</S>
                <S>Get-GW2MountSkin</S>
                <S>Get-GW2MountType</S>
                <S>Get-GW2Novelty</S>
                <S>Get-GW2Outfit</S>
                <S>Get-GW2Pet</S>
                <S>Get-GW2Profession</S>
                <S>Get-GW2Progression</S>
                <S>Get-GW2PvpAmulet</S>
                <S>Get-GW2PvpGame</S>
                <S>Get-GW2PvpHero</S>
                <S>Get-GW2PvpRank</S>
                <S>Get-GW2PvpSeason</S>
                <S>Get-GW2PvpSeasonLeaderboard</S>
                <S>Get-GW2PvpStanding</S>
                <S>Get-GW2PvpStat</S>
                <S>Get-GW2Quaggan</S>
                <S>Get-GW2Quest</S>
                <S>Get-GW2Race</S>
                <S>Get-GW2Raid</S>
                <S>Get-GW2Recipe</S>
                <S>Get-GW2RecipeSearch</S>
                <S>Get-GW2Skill</S>
                <S>Get-GW2Skin</S>
                <S>Get-GW2Specialization</S>
                <S>Get-GW2Story</S>
                <S>Get-GW2StorySeason</S>
                <S>Get-GW2Title</S>
                <S>Get-GW2Tokeninfo</S>
                <S>Get-GW2Trait</S>
                <S>Get-GW2Wallet</S>
                <S>Get-GW2World</S>
                <S>Get-GW2Worldboss</S>
                <S>Get-GW2WvwAbility</S>
                <S>Get-GW2WvwMatch</S>
                <S>Get-GW2WvwObjective</S>
                <S>Get-GW2WvwRank</S>
                <S>Get-GW2WvwUpgrade</S>
                <S>Group-GW2ObjectByCount</S>
                <S>New-GW2Subtoken</S>
                <S>Save-GW2Config</S>
                <S>Set-GW2APIKey</S>
                <S>Set-GW2ConfigValue</S>
                <S>Set-GW2DefaultProfile</S>
                <S>Split-GW2OversizedParam</S>
                <S>CommonGW2APIParameters</S>
              </LST>
            </Obj>
          </En>
          <En>
            <S N="Key">Workflow</S>
            <Ref N="Value" RefId="5" />
          </En>
        </DCT>
      </Obj>
      <Nil N="PowerShellGetFormatVersion" />
      <Nil N="ReleaseNotes" />
      <Obj N="Dependencies" RefId="8">
        <TNRef RefId="2" />
        <LST />
      </Obj>
      <S N="RepositorySourceLocation">https://www.powershellgallery.com/api/v2</S>
      <S N="Repository">PSGallery</S>
      <S N="PackageManagementProvider">NuGet</S>
      <Obj N="AdditionalMetadata" RefId="9">
        <TN RefId="4">
          <T>System.Management.Automation.PSCustomObject</T>
          <T>System.Object</T>
        </TN>
        <MS>
          <S N="copyright">(c) 2022 SmallFoxx</S>
          <S N="description">This is a module to utilize the APIv2 published for the MMORPG Guild Wars 2 from ArenaNet for the community. This is a fan produced project and is in NO WAY endorsed, supported, and/or condoned by ArenaNet, Guild Wars 2, or its affiliates. It will adhere to all the requirements as published by ArenaNet to ensure no violations or rules by the users who use it as intended.</S>
          <S N="requireLicenseAcceptance">False</S>
          <S N="isLatestVersion">True</S>
          <S N="isAbsoluteLatestVersion">True</S>
          <S N="versionDownloadCount">13</S>
          <S N="downloadCount">90</S>
          <S N="packageSize">26582</S>
          <S N="published">11/30/2022 6:27:09 PM -06:00</S>
          <S N="created">11/30/2022 6:27:09 PM -06:00</S>
          <S N="lastUpdated">12/27/2022 8:56:22 PM -06:00</S>
          <S N="tags">GuildWars2 GW2 SMFX SmFoxx Gaming API PSModule PSFunction_Get-GW2APIEndpointCacheable PSCommand_Get-GW2APIEndpointCacheable PSFunction_Get-GW2APIEndpoint PSCommand_Get-GW2APIEndpoint PSFunction_Copy-GW2IGNToClipboard PSCommand_Copy-GW2IGNToClipboard PSFunction_Get-GW2Account PSCommand_Get-GW2Account PSFunction_Get-GW2AccountAchievement PSCommand_Get-GW2AccountAchievement PSFunction_Get-GW2AccountBank PSCommand_Get-GW2AccountBank PSFunction_Get-GW2AccountBuildstorage PSCommand_Get-GW2AccountBuildstorage PSFunction_Get-GW2AccountDailycrafting PSCommand_Get-GW2AccountDailycrafting PSFunction_Get-GW2AccountDungeon PSCommand_Get-GW2AccountDungeon PSFunction_Get-GW2AccountDye PSCommand_Get-GW2AccountDye PSFunction_Get-GW2AccountEmote PSCommand_Get-GW2AccountEmote PSFunction_Get-GW2AccountFinisher PSCommand_Get-GW2AccountFinisher PSFunction_Get-GW2AccountGlider PSCommand_Get-GW2AccountGlider PSFunction_Get-GW2AccountHomeCat PSCommand_Get-GW2AccountHomeCat PSFunction_Get-GW2AccountHomeNode PSCommand_Get-GW2AccountHomeNode PSFunction_Get-GW2AccountInventory PSCommand_Get-GW2AccountInventory PSFunction_Get-GW2AccountLegendaryarmory PSCommand_Get-GW2AccountLegendaryarmory PSFunction_Get-GW2AccountLuck PSCommand_Get-GW2AccountLuck PSFunction_Get-GW2AccountMailCarrier PSCommand_Get-GW2AccountMailCarrier PSFunction_Get-GW2AccountMapchest PSCommand_Get-GW2AccountMapchest PSFunction_Get-GW2AccountMastery PSCommand_Get-GW2AccountMastery PSFunction_Get-GW2AccountMasteryPoint PSCommand_Get-GW2AccountMasteryPoint PSFunction_Get-GW2AccountMaterial PSCommand_Get-GW2AccountMaterial PSFunction_Get-GW2AccountMini PSCommand_Get-GW2AccountMini PSFunction_Get-GW2AccountMountSkin PSCommand_Get-GW2AccountMountSkin PSFunction_Get-GW2AccountMountType PSCommand_Get-GW2AccountMountType PSFunction_Get-GW2AccountNovelty PSCommand_Get-GW2AccountNovelty PSFunction_Get-GW2AccountOutfit PSCommand_Get-GW2AccountOutfit PSFunction_Get-GW2AccountProgression PSCommand_Get-GW2AccountProgression PSFunction_Get-GW2AccountPvpHero PSCommand_Get-GW2AccountPvpHero PSFunction_Get-GW2AccountRaid PSCommand_Get-GW2AccountRaid PSFunction_Get-GW2AccountRecipe PSCommand_Get-GW2AccountRecipe PSFunction_Get-GW2AccountSkin PSCommand_Get-GW2AccountSkin PSFunction_Get-GW2AccountTitle PSCommand_Get-GW2AccountTitle PSFunction_Get-GW2AccountWallet PSCommand_Get-GW2AccountWallet PSFunction_Get-GW2AccountWorldboss PSCommand_Get-GW2AccountWorldboss PSFunction_Get-GW2Achievement PSCommand_Get-GW2Achievement PSFunction_Get-GW2AchievementCategory PSCommand_Get-GW2AchievementCategory PSFunction_Get-GW2AchievementDaily PSCommand_Get-GW2AchievementDaily PSFunction_Get-GW2AchievementGroup PSCommand_Get-GW2AchievementGroup PSFunction_Get-GW2Adventure PSCommand_Get-GW2Adventure PSFunction_Get-GW2AdventureLeaderboard PSCommand_Get-GW2AdventureLeaderboard PSFunction_Get-GW2APIKey PSCommand_Get-GW2APIKey PSFunction_Get-GW2APIValue PSCommand_Get-GW2APIValue PSFunction_Get-GW2BackstoryAnswer PSCommand_Get-GW2BackstoryAnswer PSFunction_Get-GW2BackstoryQuestion PSCommand_Get-GW2BackstoryQuestion PSFunction_Get-GW2Bank PSCommand_Get-GW2Bank PSFunction_Get-GW2Base PSCommand_Get-GW2Base PSFunction_Get-GW2Build PSCommand_Get-GW2Build PSFunction_Get-GW2BuildStorage PSCommand_Get-GW2BuildStorage PSFunction_Get-GW2Character PSCommand_Get-GW2Character PSFunction_Get-GW2CharacterBackstory PSCommand_Get-GW2CharacterBackstory PSFunction_Get-GW2CharacterBuildtab PSCommand_Get-GW2CharacterBuildtab PSFunction_Get-GW2CharacterBuildtabActive PSCommand_Get-GW2CharacterBuildtabActive PSFunction_Get-GW2CharacterCore PSCommand_Get-GW2CharacterCore PSFunction_Get-GW2CharacterCrafting PSCommand_Get-GW2CharacterCrafting PSFunction_Get-GW2CharacterEquipment PSCommand_Get-GW2CharacterEquipment PSFunction_Get-GW2CharacterEquipmenttab PSCommand_Get-GW2CharacterEquipmenttab PSFunction_Get-GW2CharacterEquipmenttabActive PSCommand_Get-GW2CharacterEquipmenttabActive PSFunction_Get-GW2CharacterHeropoint PSCommand_Get-GW2CharacterHeropoint PSFunction_Get-GW2CharacterInventory PSCommand_Get-GW2CharacterInventory PSFunction_Get-GW2CharacterQuest PSCommand_Get-GW2CharacterQuest PSFunction_Get-GW2CharacterRecipe PSCommand_Get-GW2CharacterRecipe PSFunction_Get-GW2CharacterSab PSCommand_Get-GW2CharacterSab PSFunction_Get-GW2CharacterSkill PSCommand_Get-GW2CharacterSkill PSFunction_Get-GW2CharacterSpecialization PSCommand_Get-GW2CharacterSpecialization PSFunction_Get-GW2CharacterTraining PSCommand_Get-GW2CharacterTraining PSFunction_Get-GW2Color PSCommand_Get-GW2Color PSFunction_Get-GW2CommerceDelivery PSCommand_Get-GW2CommerceDelivery PSFunction_Get-GW2CommerceExchange PSCommand_Get-GW2CommerceExchange PSFunction_Get-GW2CommerceExchangeCoin PSCommand_Get-GW2CommerceExchangeCoin PSFunction_Get-GW2CommerceExchangeGem PSCommand_Get-GW2CommerceExchangeGem PSFunction_Get-GW2CommerceListing PSCommand_Get-GW2CommerceListing PSFunction_Get-GW2CommercePrice PSCommand_Get-GW2CommercePrice PSFunction_Get-GW2CommerceTransaction PSCommand_Get-GW2CommerceTransaction PSFunction_Get-GW2ConfigValue PSCommand_Get-GW2ConfigValue PSFunction_Get-GW2Continent PSCommand_Get-GW2Continent PSFunction_Get-GW2Currency PSCommand_Get-GW2Currency PSFunction_Get-GW2Dailycrafting PSCommand_Get-GW2Dailycrafting PSFunction_Get-GW2DefaultProfile PSCommand_Get-GW2DefaultProfile PSFunction_Get-GW2DefaultUseCache PSCommand_Get-GW2DefaultUseCache PSFunction_Get-GW2DefaultUseDB PSCommand_Get-GW2DefaultUseDB PSFunction_Get-GW2Dungeon PSCommand_Get-GW2Dungeon PSFunction_Get-GW2Dye PSCommand_Get-GW2Dye PSFunction_Get-GW2Emote PSCommand_Get-GW2Emote PSFunction_Get-GW2EventState PSCommand_Get-GW2EventState PSFunction_Get-GW2File PSCommand_Get-GW2File PSFunction_Get-GW2Finisher PSCommand_Get-GW2Finisher PSFunction_Get-GW2Glider PSCommand_Get-GW2Glider PSFunction_Get-GW2Guild PSCommand_Get-GW2Guild PSFunction_Get-GW2GuildEmblem PSCommand_Get-GW2GuildEmblem PSFunction_Get-GW2GuildLog PSCommand_Get-GW2GuildLog PSFunction_Get-GW2GuildMember PSCommand_Get-GW2GuildMember PSFunction_Get-GW2GuildPermission PSCommand_Get-GW2GuildPermission PSFunction_Get-GW2GuildRank PSCommand_Get-GW2GuildRank PSFunction_Get-GW2GuildSearch PSCommand_Get-GW2GuildSearch PSFunction_Get-GW2GuildStash PSCommand_Get-GW2GuildStash PSFunction_Get-GW2GuildStorage PSCommand_Get-GW2GuildStorage PSFunction_Get-GW2GuildTeam PSCommand_Get-GW2GuildTeam PSFunction_Get-GW2GuildTreasury PSCommand_Get-GW2GuildTreasury PSFunction_Get-GW2GuildUpgrade PSCommand_Get-GW2GuildUpgrade PSFunction_Get-GW2HomeCat PSCommand_Get-GW2HomeCat PSFunction_Get-GW2HomeNode PSCommand_Get-GW2HomeNode PSFunction_Get-GW2IGN PSCommand_Get-GW2IGN PSFunction_Get-GW2Inventory PSCommand_Get-GW2Inventory PSFunction_Get-GW2Item PSCommand_Get-GW2Item PSFunction_Get-GW2ItemStat PSCommand_Get-GW2ItemStat PSFunction_Get-GW2Legend PSCommand_Get-GW2Legend PSFunction_Get-GW2LegendaryArmory PSCommand_Get-GW2LegendaryArmory PSFunction_Get-GW2Luck PSCommand_Get-GW2Luck PSFunction_Get-GW2MailCarrier PSCommand_Get-GW2MailCarrier PSFunction_Get-GW2Map PSCommand_Get-GW2Map PSFunction_Get-GW2Mapchest PSCommand_Get-GW2Mapchest PSFunction_Get-GW2Mastery PSCommand_Get-GW2Mastery PSFunction_Get-GW2MasteryPoint PSCommand_Get-GW2MasteryPoint PSFunction_Get-GW2Material PSCommand_Get-GW2Material PSFunction_Get-GW2Mini PSCommand_Get-GW2Mini PSFunction_Get-GW2Mount PSCommand_Get-GW2Mount PSFunction_Get-GW2MountSkin PSCommand_Get-GW2MountSkin PSFunction_Get-GW2MountType PSCommand_Get-GW2MountType PSFunction_Get-GW2Novelty PSCommand_Get-GW2Novelty PSFunction_Get-GW2Outfit PSCommand_Get-GW2Outfit PSFunction_Get-GW2Pet PSCommand_Get-GW2Pet PSFunction_Get-GW2Profession PSCommand_Get-GW2Profession PSFunction_Get-GW2Progression PSCommand_Get-GW2Progression PSFunction_Get-GW2PvpAmulet PSCommand_Get-GW2PvpAmulet PSFunction_Get-GW2PvpGame PSCommand_Get-GW2PvpGame PSFunction_Get-GW2PvpHero PSCommand_Get-GW2PvpHero PSFunction_Get-GW2PvpRank PSCommand_Get-GW2PvpRank PSFunction_Get-GW2PvpSeason PSCommand_Get-GW2PvpSeason PSFunction_Get-GW2PvpSeasonLeaderboard PSCommand_Get-GW2PvpSeasonLeaderboard PSFunction_Get-GW2PvpStanding PSCommand_Get-GW2PvpStanding PSFunction_Get-GW2PvpStat PSCommand_Get-GW2PvpStat PSFunction_Get-GW2Quaggan PSCommand_Get-GW2Quaggan PSFunction_Get-GW2Quest PSCommand_Get-GW2Quest PSFunction_Get-GW2Race PSCommand_Get-GW2Race PSFunction_Get-GW2Raid PSCommand_Get-GW2Raid PSFunction_Get-GW2Recipe PSCommand_Get-GW2Recipe PSFunction_Get-GW2RecipeSearch PSCommand_Get-GW2RecipeSearch PSFunction_Get-GW2Skill PSCommand_Get-GW2Skill PSFunction_Get-GW2Skin PSCommand_Get-GW2Skin PSFunction_Get-GW2Specialization PSCommand_Get-GW2Specialization PSFunction_Get-GW2Story PSCommand_Get-GW2Story PSFunction_Get-GW2StorySeason PSCommand_Get-GW2StorySeason PSFunction_Get-GW2Title PSCommand_Get-GW2Title PSFunction_Get-GW2Tokeninfo PSCommand_Get-GW2Tokeninfo PSFunction_Get-GW2Trait PSCommand_Get-GW2Trait PSFunction_Get-GW2Wallet PSCommand_Get-GW2Wallet PSFunction_Get-GW2World PSCommand_Get-GW2World PSFunction_Get-GW2Worldboss PSCommand_Get-GW2Worldboss PSFunction_Get-GW2WvwAbility PSCommand_Get-GW2WvwAbility PSFunction_Get-GW2WvwMatch PSCommand_Get-GW2WvwMatch PSFunction_Get-GW2WvwObjective PSCommand_Get-GW2WvwObjective PSFunction_Get-GW2WvwRank PSCommand_Get-GW2WvwRank PSFunction_Get-GW2WvwUpgrade PSCommand_Get-GW2WvwUpgrade PSFunction_Group-GW2ObjectByCount PSCommand_Group-GW2ObjectByCount PSFunction_New-GW2Subtoken PSCommand_New-GW2Subtoken PSFunction_Save-GW2Config PSCommand_Save-GW2Config PSFunction_Set-GW2APIKey PSCommand_Set-GW2APIKey PSFunction_Set-GW2ConfigValue PSCommand_Set-GW2ConfigValue PSFunction_Set-GW2DefaultProfile PSCommand_Set-GW2DefaultProfile PSFunction_Split-GW2OversizedParam PSCommand_Split-GW2OversizedParam PSFunction_CommonGW2APIParameters PSCommand_CommonGW2APIParameters PSIncludes_Function</S>
          <S N="developmentDependency">False</S>
          <S N="updated">2022-12-27T20:56:22Z</S>
          <S N="NormalizedVersion">0.2.1.2334</S>
          <S N="Authors">SmallFoxx</S>
          <S N="IsPrerelease">false</S>
          <S N="ItemType">Module</S>
          <S N="FileList">GW2.PS.API.nuspec|GW2.PS.API-KeyManagement.psm1|GW2.PS.API-Miscellaneous.psm1|GW2.PS.API-Story.psm1|GW2.PS.API-TradingPost.psm1|GW2.PS.API-Account.psm1|GW2.PS.API-ConfigManagement.psm1|GW2.PS.API-Guild.psm1|GW2.PS.API-Map.psm1|GW2.PS.API-PvP.psm1|GW2.PS.API-Tradeskills.psm1|GW2.PS.API-WvW.psm1|GW2.PS.API.psd1|GW2.PS.API-Achievements.psm1|GW2.PS.API-CoreAPICalls.psm1|GW2.PS.API-HomeInstance.psm1|GW2.PS.API-Mechanics.psm1|GW2.PS.API-Characters.psm1|GW2.PS.API-Daily.psm1|GW2.PS.API-Items.psm1</S>
          <S N="GUID">d6efb3a5-4a1f-4943-8a13-093d1f2299ac</S>
          <S N="PowerShellVersion">5.1</S>
          <S N="CompanyName">SmallFoxx</S>
        </MS>
      </Obj>
      <S N="InstalledLocation">C:\Users\live\Documents\PowerShell\Modules\GW2.PS.API\0.2.1.2334</S>
    </MS>
  </Obj>
</Objs>
