<Objs Version="1.1.0.1" xmlns="http://schemas.microsoft.com/powershell/2004/04">
  <Obj RefId="0">
    <TN RefId="0">
      <T>Microsoft.PowerShell.Commands.PSRepositoryItemInfo</T>
      <T>System.Management.Automation.PSCustomObject</T>
      <T>System.Object</T>
    </TN>
    <MS>
      <S N="Name">GW2.PS</S>
      <Version N="Version">0.2.1.2</Version>
      <S N="Type">Module</S>
      <S N="Description">This is a module to utilize the APIv2 published for the MMORPG Guild Wars 2 from ArenaNet for the community. This is a fan produced project and is in NO WAY endorsed, supported, and/or condoned by ArenaNet, Guild Wars 2, or its affiliates. It will adhere to all the requirements as published by ArenaNet to ensure no violations or rules by the users who use it as intended.</S>
      <S N="Author">SmallFoxx</S>
      <S N="CompanyName">SMFX</S>
      <S N="Copyright">(c) 2022 SmallFoxx</S>
      <DT N="PublishedDate">2022-09-25T05:18:45-05:00</DT>
      <Obj N="InstalledDate" RefId="1">
        <DT>2023-01-07T15:19:25.0376039-06:00</DT>
        <MS>
          <Obj N="DisplayHint" RefId="2">
            <TN RefId="1">
              <T>Microsoft.PowerShell.Commands.DisplayHintType</T>
              <T>System.Enum</T>
              <T>System.ValueType</T>
              <T>System.Object</T>
            </TN>
            <ToString>DateTime</ToString>
            <I32>2</I32>
          </Obj>
        </MS>
      </Obj>
      <Nil N="UpdatedDate" />
      <URI N="LicenseUri">https://github.com/smallfoxx/GW2.PS/LICENSE</URI>
      <URI N="ProjectUri">https://github.com/smallfoxx/GW2.PS</URI>
      <Nil N="IconUri" />
      <Obj N="Tags" RefId="3">
        <TN RefId="2">
          <T>System.Object[]</T>
          <T>System.Array</T>
          <T>System.Object</T>
        </TN>
        <LST>
          <S>GuildWars2</S>
          <S>GW2</S>
          <S>SMFX</S>
          <S>SmFoxx</S>
          <S>Gaming</S>
          <S>PSModule</S>
        </LST>
      </Obj>
      <Obj N="Includes" RefId="4">
        <TN RefId="3">
          <T>System.Collections.Hashtable</T>
          <T>System.Object</T>
        </TN>
        <DCT>
          <En>
            <S N="Key">Cmdlet</S>
            <Obj N="Value" RefId="5">
              <TNRef RefId="2" />
              <LST />
            </Obj>
          </En>
          <En>
            <S N="Key">Function</S>
            <Ref N="Value" RefId="5" />
          </En>
          <En>
            <S N="Key">DscResource</S>
            <Ref N="Value" RefId="5" />
          </En>
          <En>
            <S N="Key">RoleCapability</S>
            <Ref N="Value" RefId="5" />
          </En>
          <En>
            <S N="Key">Command</S>
            <Ref N="Value" RefId="5" />
          </En>
          <En>
            <S N="Key">Workflow</S>
            <Ref N="Value" RefId="5" />
          </En>
        </DCT>
      </Obj>
      <Nil N="PowerShellGetFormatVersion" />
      <Nil N="ReleaseNotes" />
      <Obj N="Dependencies" RefId="6">
        <TNRef RefId="2" />
        <LST>
          <Obj RefId="7">
            <TN RefId="4">
              <T>System.Collections.Specialized.OrderedDictionary</T>
              <T>System.Object</T>
            </TN>
            <DCT>
              <En>
                <S N="Key">Name</S>
                <S N="Value">GW2.PS.API</S>
              </En>
              <En>
                <S N="Key">MinimumVersion</S>
                <S N="Value">0.2.1.1</S>
              </En>
              <En>
                <S N="Key">CanonicalId</S>
                <S N="Value">nuget:GW2.PS.API/0.2.1.1</S>
              </En>
            </DCT>
          </Obj>
          <Obj RefId="8">
            <TNRef RefId="4" />
            <DCT>
              <En>
                <S N="Key">Name</S>
                <S N="Value">GW2.PS.Cache</S>
              </En>
              <En>
                <S N="Key">MinimumVersion</S>
                <S N="Value">0.1.0</S>
              </En>
              <En>
                <S N="Key">CanonicalId</S>
                <S N="Value">nuget:GW2.PS.Cache/0.1.0</S>
              </En>
            </DCT>
          </Obj>
          <Obj RefId="9">
            <TNRef RefId="4" />
            <DCT>
              <En>
                <S N="Key">Name</S>
                <S N="Value">GW2.PS.LiteDB</S>
              </En>
              <En>
                <S N="Key">MinimumVersion</S>
                <S N="Value">0.2.1.1</S>
              </En>
              <En>
                <S N="Key">CanonicalId</S>
                <S N="Value">nuget:GW2.PS.LiteDB/0.2.1.1</S>
              </En>
            </DCT>
          </Obj>
        </LST>
      </Obj>
      <S N="RepositorySourceLocation">https://www.powershellgallery.com/api/v2</S>
      <S N="Repository">PSGallery</S>
      <S N="PackageManagementProvider">NuGet</S>
      <Obj N="AdditionalMetadata" RefId="10">
        <TN RefId="5">
          <T>System.Management.Automation.PSCustomObject</T>
          <T>System.Object</T>
        </TN>
        <MS>
          <S N="copyright">(c) 2022 SmallFoxx</S>
          <S N="description">This is a module to utilize the APIv2 published for the MMORPG Guild Wars 2 from ArenaNet for the community. This is a fan produced project and is in NO WAY endorsed, supported, and/or condoned by ArenaNet, Guild Wars 2, or its affiliates. It will adhere to all the requirements as published by ArenaNet to ensure no violations or rules by the users who use it as intended.</S>
          <S N="requireLicenseAcceptance">False</S>
          <S N="isLatestVersion">True</S>
          <S N="isAbsoluteLatestVersion">True</S>
          <S N="versionDownloadCount">19</S>
          <S N="downloadCount">105</S>
          <S N="packageSize">4069</S>
          <S N="published">9/25/2022 5:18:45 AM -05:00</S>
          <S N="created">9/25/2022 5:18:45 AM -05:00</S>
          <S N="lastUpdated">12/31/2022 10:17:59 PM -06:00</S>
          <S N="tags">GuildWars2 GW2 SMFX SmFoxx Gaming PSModule</S>
          <S N="developmentDependency">False</S>
          <S N="updated">2022-12-31T22:17:59Z</S>
          <S N="NormalizedVersion">0.2.1.2</S>
          <S N="Authors">SmallFoxx</S>
          <S N="IsPrerelease">false</S>
          <S N="ItemType">Module</S>
          <S N="FileList">GW2.PS.nuspec|GW2.PS.psd1</S>
          <S N="GUID">5c9beebd-c345-4657-8372-9fe2b8633f5e</S>
          <S N="PowerShellVersion">5.1</S>
          <S N="CompanyName">SmallFoxx</S>
        </MS>
      </Obj>
      <S N="InstalledLocation">C:\Users\live\Documents\PowerShell\Modules\GW2.PS\0.2.1.2</S>
    </MS>
  </Obj>
</Objs>
